,0
and,11090
or,10418
ounce,8880
chopped,6622
cup,6178
cut,5909
as,5880
into,5702
sliced,5053
such,4692
fresh,4209
package,3859
cheese,3736
optional,3631
to,3564
cups,3483
peeled,3371
can,3184
drained,2723
ounces,2551
inch,2551
diced,2376
tablespoons,2327
sauce,2248
red,2236
pound,2159
pepper,2113
green,2061
more,2061
divided,2034
frozen,1975
with,1916
white,1916
large,1703
in,1687
finely,1676
tablespoon,1671
tomatoes,1643
shredded,1614
juice,1590
beans,1575
beef,1561
mix,1557
flavored,1537
taste,1536
for,1526
dried,1523
small,1499
leaves,1496
teaspoon,1493
cans,1475
bread,1450
peppers,1441
cooked,1438
cream,1422
thinly,1393
chocolate,1384
onion,1344
halved,1322
whole,1306
crushed,1284
ground,1258
dry,1248
slices,1218
seeded,1211
pounds,1209
potatoes,1197
12,1184
minced,1167
sweet,1156
cubed,1151
10,1108
garlic,1103
corn,1087
16,1057
rinsed,1054
removed,1046
butter,1016
fluid,1014
fat,1014
style,997
pieces,996
thawed,987
oil,980
black,967
mushrooms,961
teaspoons,954
jar,944
pasta,943
of,941
hot,933
packages,929
italian,920
seasoning,916
sugar,914
milk,907
rice,900
coarsely,892
trimmed,880
grated,861
sausage,859
lemon,854
yellow,844
tomato,842
water,817
onions,812
pitted,803
turkey,790
chile,789
chicken,783
orange,782
quartered,762
thin,761
powder,758
bell,752
medium,748
salt,736
thick,731
shrimp,728
bottle,727
canned,700
cored,693
free,673
seeds,668
half,664
lengthwise,663
spinach,663
needed,650
flour,648
cheddar,642
olives,637
roasted,624
coconut,611
pineapple,609
vanilla,607
wine,605
basil,590
steak,587
yogurt,578
apple,576
strips,572
15,568
brown,550
dressing,550
lime,546
chili,541
vegetable,532
prepared,532
jalapeno,530
salad,529
french,527
chunks,526
toasted,523
carrots,522
crumbled,521
wheat,520
uncooked,518
baby,516
cubes,515
noodles,513
stems,510
meat,501
syrup,500
ginger,499
fillets,499
peas,493
liqueur,492
garnish,491
chips,489
bacon,485
mustard,483
broth,477
torn,476
roast,475
the,474
fruit,474
container,473
chilled,471
smoked,460
light,454
strawberries,453
low,447
apples,446
instant,445
vinegar,441
celery,439
pork,434
packed,434
parsley,431
soup,423
round,418
squash,415
liquid,414
blend,408
ice,404
size,401
bite,401
14,400
broken,398
dark,394
mozzarella,392
potato,386
from,380
lettuce,379
ripe,378
plus,378
sodium,374
salmon,371
cilantro,364
undrained,363
paste,361
reduced,355
reserved,353
beer,352
cabbage,351
mashed,349
zucchini,347
mixed,345
seasoned,337
mexican,337
other,337
cherry,337
boneless,336
flavor,335
refrigerated,334
candy,334
deveined,333
jigger,332
olive,329
egg,328
pumpkin,328
grain,327
greens,327
rum,327
crumbs,326
steaks,326
topping,325
almonds,325
cucumber,322
peaches,322
melted,321
25,321
mint,319
cherries,318
extra,317
pie,317
crackers,316
unsweetened,316
food,315
cereal,313
baking,307
cold,307
softened,306
condensed,306
sour,302
bag,300
raspberry,297
long,297
coffee,297
dill,297
vodka,297
flakes,296
head,293
if,292
broccoli,289
bunch,286
plain,285
soy,284
peanut,283
sirloin,282
split,280
raw,279
whipped,278
goya,275
20,274
pinch,273
cloves,273
leaf,271
cake,271
sweetened,269
washed,269
ham,267
wedges,267
cleaned,266
mango,263
honey,263
parmesan,263
stemmed,262
very,262
tuna,259
greek,253
dough,252
herb,252
room,252
soda,250
salsa,250
shells,249
cinnamon,248
rolls,248
tortillas,245
old,245
freshly,244
on,244
desired,243
loaf,243
strawberry,242
original,240
mushroom,240
root,239
seed,238
separated,238
bottles,235
hearts,235
unsalted,235
lightly,235
degrees,234
peel,234
banana,233
skin,232
cooking,231
mild,229
swiss,229
peach,227
spread,225
spice,223
eggs,222
almond,222
breast,222
24,220
asparagus,220
cookies,219
stock,218
all,217
chipotle,216
lean,216
rings,214
grape,213
nuts,213
lamb,213
crust,212
roughly,210
plum,209
pizza,209
jars,208
thyme,208
tea,207
spaghetti,206
sea,206
cranberries,206
spicy,205
rosemary,204
jack,204
cucumbers,203
crabmeat,202
halves,198
cauliflower,196
jell,195
top,194
shelled,194
extract,193
zest,193
concentrate,192
not,192
organic,191
temperature,190
blueberries,189
no,188
unpeeled,188
kale,188
soft,188
peanuts,188
gravy,186
at,186
sharp,186
chiles,186
ribs,186
ranch,185
processed,184
florets,182
cranberry,181
creamy,181
sesame,180
cocktail,180
pudding,179
yeast,179
squares,179
flaked,179
sprigs,179
kidney,178
beets,177
firm,175
bouillon,174
artichoke,173
tails,172
rib,172
carrot,172
drink,171
powdered,171
whiskey,170
purpose,169
salted,168
vegetables,168
watermelon,167
any,166
scrubbed,166
blue,166
goat,166
75,165
seedless,165
rounds,164
walnuts,164
feta,164
bean,163
bananas,163
filling,162
recipe,161
coarse,161
kernels,160
pickled,160
gold,159
tofu,158
taco,158
cocoa,158
oregano,157
de,156
milliliter,156
sandwich,155
caramel,155
mayonnaise,155
pepperoni,154
32,153
gelatin,153
flat,153
mccormick,152
macaroni,152
pears,152
sage,152
stuffing,151
golden,151
crusts,151
crosswise,150
well,150
thai,149
pickles,149
only,149
preserves,148
tortilla,148
soaked,148
margarine,148
baked,148
each,147
tops,147
regular,146
stalks,146
18,146
tenderloin,146
julienned,146
jiggers,145
sticks,145
links,145
chuck,145
packet,145
box,144
buttermilk,144
garbanzo,144
shell,144
dash,142
oranges,142
lentils,142
fennel,140
non,140
stewed,140
mini,140
curry,139
natural,139
squeezed,139
see,137
hard,137
pastry,136
hulled,136
warm,136
smith,135
new,135
nonfat,135
balsamic,135
sun,134
eye,134
heavy,134
pecans,133
eggplant,133
dole,133
fish,132
creme,132
discarded,132
fine,132
100,132
parts,131
brewed,131
chives,130
pickle,130
raspberries,129
cottage,129
pint,128
clams,128
slice,128
graham,128
grapes,128
english,128
romaine,128
paprika,127
colored,127
substitute,127
ready,127
roma,125
sized,124
pimento,124
veggie,124
bones,124
brandy,124
pear,123
stick,123
candies,123
berries,123
american,122
diagonally,121
portobello,121
monterey,120
arugula,120
thickly,119
skinless,119
lemonade,119
deli,119
chinese,119
avocado,118
raisins,118
ends,117
gluten,117
fillet,117
pure,116
adobo,116
quart,116
ale,116
30,116
serving,115
crab,115
cooled,115
kalamata,115
vegetarian,114
puree,114
wide,114
apricot,114
up,113
kernel,113
chickpeas,113
tart,112
maple,112
cracked,111
bone,110
containers,110
sprouts,110
without,109
spanish,109
corned,109
bars,108
bay,108
dijon,108
quarts,107
coloring,107
grapefruit,107
stew,107
carbonated,107
spears,107
schnapps,107
peppercorns,107
vinaigrette,107
lobster,106
11,106
shaped,106
bags,106
chard,106
dinner,106
swanson,105
irish,105
semi,105
semisweet,105
button,105
loin,104
chunky,104
horseradish,104
rye,103
cannellini,102
ramen,102
roll,101
pesto,101
preferably,101
scallops,101
oysters,101
beaten,100
kraft,100
confectioners,99
marshmallows,99
tequila,99
slightly,99
jumbo,99
added,99
pillsbury,98
piece,98
pan,98
quarters,98
brand,98
oats,98
bits,98
shiitake,97
cracker,97
sweetener,97
chops,97
provolone,97
choy,96
dairy,96
asian,96
inches,96
stuffed,96
sauerkraut,96
sherry,95
casings,95
off,95
romano,95
ricotta,95
evaporated,95
paper,95
fully,95
blanched,94
flavoring,94
chilies,94
quality,94
premium,94
fried,94
cider,94
mandarin,94
buns,94
then,93
capers,93
square,93
juiced,93
chestnuts,93
biscuits,92
tortellini,92
serrano,92
wild,92
granny,92
canola,92
cod,92
sausages,92
dip,91
frying,91
fry,91
jam,90
warmed,90
bottled,90
refried,90
based,90
use,89
penne,89
venison,89
heads,89
crisp,89
figs,89
cashews,89
avocados,88
apricots,88
oyster,88
crispy,88
short,88
bulb,87
28,87
kosher,87
boiled,87
quick,87
fudge,86
pods,86
dice,86
sprinkles,86
okra,86
vidalia,85
islands,85
melon,85
pearl,85
pomegranate,85
cayenne,84
leftover,84
wrappers,84
plums,84
kielbasa,84
muffin,84
imitation,84
miniature,84
patted,84
jelly,83
hash,83
caps,83
farm,83
butternut,83
slivered,83
shortening,83
dates,82
meal,82
rotini,82
bourbon,82
part,82
skim,81
japanese,81
your,81
maraschino,81
sunflower,81
skinned,80
alfredo,80
color,80
about,80
salami,79
pretzels,79
clove,79
carton,79
covered,79
virgin,79
shallots,78
bar,78
additional,78
according,78
croutons,78
marinated,78
whip,78
granules,78
angel,77
elbow,77
frosting,77
baguette,77
cumin,77
bok,76
shaved,76
nectar,76
barbeque,76
habanero,76
berry,76
13,76
spring,76
750,75
curd,75
pinto,75
watson,75
campbell,75
pink,75
beverage,74
bunches,74
blackberries,74
coriander,74
russet,73
creamer,73
flank,73
stalk,73
biscuit,73
ketchup,72
pureed,72
sourdough,72
nutmeg,72
oz,72
base,72
herbs,72
barilla,72
breakfast,72
dogs,72
country,71
pulp,71
packets,71
delicious,71
couscous,71
rhubarb,71
matchstick,71
assorted,71
pounded,70
chorizo,70
envelope,70
buttery,70
wafers,70
pecan,69
lasagna,69
dickinson,69
shucked,69
matchsticks,69
marinara,69
cuisine,68
pretzel,68
cornbread,68
philadelphia,68
enchilada,67
summer,67
snack,67
less,67
cantaloupe,67
popcorn,67
center,67
sheets,67
el,67
husked,67
spray,66
balls,66
pectin,66
best,66
yukon,66
smoke,66
espresso,66
bulk,66
velveeta,66
neck,66
partially,65
gallon,65
sriracha,65
grass,65
coating,65
reggiano,65
drops,65
whites,65
duck,65
pita,65
fettuccine,65
sparkling,65
thirds,65
dusting,64
weed,64
candied,64
quinoa,64
cajun,64
puff,64
brine,64
favorite,64
cardamom,64
house,64
tip,64
reserve,64
sprig,63
rolled,63
coleslaw,63
filled,63
marinade,63
radishes,63
progresso,63
phyllo,63
out,63
tri,63
colby,63
tarragon,62
filet,62
cola,62
linguine,62
palm,62
splenda,62
halibut,62
glaze,62
saltine,62
tail,62
brisket,62
sifted,62
day,62
panko,61
four,61
rose,61
whipping,61
skewers,61
hazelnut,61
cornmeal,61
shoulder,61
peppermint,61
relish,60
eyed,60
oreo,60
over,60
amount,60
horizontally,60
double,60
champagne,60
vegan,60
hamburger,60
oven,59
heated,59
chex,59
ravioli,59
protein,59
blueberry,59
yoplait,59
tips,58
rising,58
traditional,58
hershey,58
brie,58
bittersweet,58
real,58
liver,58
kikkoman,58
gin,58
three,58
worcestershire,58
heinz,58
stir,58
citrus,58
purple,57
walnut,57
lump,57
choice,57
prunes,57
chutney,57
pickling,57
anchovy,57
lea,57
picked,57
barbecue,57
queso,56
pack,56
jicama,56
boiling,56
crescent,56
coated,56
northern,56
lite,56
spiral,55
paso,55
leg,55
rind,55
korean,55
fries,55
bulbs,55
grade,55
punch,55
eggplants,55
giblets,55
concentrated,54
granulated,54
polenta,54
iceberg,54
hazelnuts,54
husks,54
crimini,54
clam,54
petite,54
flax,54
parmigiano,54
hickory,54
19,54
pistachios,54
high,53
malt,53
pre,53
slivers,53
one,53
picante,53
leeks,53
great,53
triple,53
zested,52
meatballs,52
pressed,52
strip,52
lima,52
left,52
tub,52
seaweed,52
like,52
snow,52
pistachio,52
40,51
deep,51
drippings,51
tabasco,51
110,51
papaya,51
cube,51
barley,51
beet,51
poblano,50
dietz,50
club,50
amaretto,50
blackberry,50
nacho,50
21,50
veal,50
bison,50
navy,49
crumbles,49
macadamia,49
pepperoncini,49
crawfish,49
vermicelli,49
turnip,49
edamame,49
tomatillos,48
sherbet,48
asiago,48
ben,48
lager,48
ears,48
farfalle,48
breadcrumbs,48
cookie,48
cob,48
brussels,47
reynolds,47
calorie,47
across,47
bran,47
shallot,47
molasses,47
proof,47
savory,47
dipping,47
gouda,47
scallions,47
minutes,46
king,46
snipped,46
flesh,46
loaves,46
snap,46
radish,46
layer,46
than,45
rainbow,45
dashes,45
gram,45
canning,45
unwrapped,45
breads,45
leek,45
prawns,45
liter,45
bitters,45
decorating,45
footnote,45
blackwell,44
below,44
tapioca,44
toffee,44
dal,44
turnips,44
sec,44
grits,44
26,44
mexico,44
oatmeal,44
tie,44
turmeric,44
pinches,44
ancho,44
poppy,44
spam,44
steamed,44
teriyaki,43
tilapia,43
through,43
skirt,43
applesauce,43
heart,43
do,43
agave,43
single,43
bow,43
mangoes,43
hominy,43
process,43
seafood,43
yolks,43
prime,42
segments,42
flake,42
casing,42
using,42
fiesta,42
fusilli,42
parsnips,42
kiwi,42
dessert,42
mahi,42
sushi,42
yves,42
wonton,42
popped,42
anise,42
johnsonville,42
goose,42
serve,41
boil,41
cool,41
per,41
pulled,41
uncle,41
gay,41
fresco,41
stone,41
breasts,41
artichokes,41
yams,41
combination,41
knorr,41
libby,41
smart,41
legs,41
noodle,41
stout,41
self,41
miso,40
vermouth,40
fashioned,40
mixture,40
hair,40
creamed,40
baker,40
blossoms,40
string,40
gala,40
orzo,40
pine,40
sectioned,40
but,39
sazon,39
marshmallow,39
foil,39
aged,39
garden,39
pancake,39
classic,39
morsels,39
strong,39
canadian,39
tender,39
gloves,39
stem,39
butterscotch,39
stevia,38
bamboo,38
simply,38
trout,38
50,38
scotch,38
collard,38
nut,38
mrs,38
count,38
pancetta,38
link,38
80,38
fire,38
smithfield,37
seashell,37
endive,37
sections,37
gruyere,37
cover,37
originals,37
crisco,37
multi,37
petals,37
cornstarch,37
sorbet,36
pale,36
cane,36
including,36
hillshire,36
sambal,36
envelopes,36
stale,36
sauvignon,36
spiced,36
unbaked,36
zucchinis,36
wrap,36
simple,36
marjoram,36
escarole,35
46,35
lemons,35
napa,35
del,35
island,35
until,35
tiny,35
homemade,35
rigatoni,35
cakes,35
crosse,35
burger,35
undiluted,35
tough,35
diagonal,35
cremini,35
granola,35
back,34
segmented,34
monte,34
southwest,34
tel,34
patties,34
hunt,34
infused,34
passion,34
pasteurized,34
36,34
lengths,34
smashed,34
tamari,34
lowfat,34
fava,34
excess,34
tube,34
pints,33
splash,33
clean,33
grenadine,33
sucralose,33
plantains,33
wax,33
crystal,33
corkscrew,33
active,33
silver,33
gallo,33
unflavored,33
wasabi,33
anaheim,33
60,33
winter,33
note,33
wedge,33
rock,33
zesty,32
basmati,32
buitoni,32
skins,32
miracle,32
idahoan,32
factory,32
watercress,32
limeade,32
equal,32
cacao,32
horizon,32
tempeh,32
pot,32
outer,32
matzo,32
farms,32
creole,31
nectarines,31
oat,31
yellowfin,31
little,31
bass,31
bella,31
ro,31
nestle,31
mesquite,31
microwave,31
catfish,31
key,31
joe,31
ahi,31
shoepeg,31
overnight,31
tidbits,31
san,31
mangos,31
tied,31
caesar,31
saffron,31
morton,31
snapped,31
rolling,30
smucker,30
herbed,30
shank,30
aluminum,30
silken,30
lavender,30
squid,30
sprinkling,30
cook,30
better,30
distilled,30
granular,30
membranes,30
solid,30
defrosted,30
crusty,30
citron,30
scraped,30
allspice,30
mung,30
grey,30
bruised,30
sheet,30
german,30
southern,30
hearty,30
mackerel,30
classico,30
sargento,30
good,30
plastic,30
guinness,30
wear,29
tm,29
flowers,29
membrane,29
kitchen,29
ball,29
wooden,29
minute,29
loosely,29
schubert,29
dog,29
seitan,29
cashew,29
mountain,29
pecorino,29
48,29
bitter,29
shavings,29
hummus,29
bark,29
snapper,29
silk,28
purchased,28
au,28
firmly,28
york,28
stripped,28
chevre,28
braeburn,28
sides,28
martha,28
prosciutto,28
29,28
threads,28
105,28
tahini,28
caramels,28
chick,28
kisses,28
trader,28
thoroughly,28
soybeans,28
montreal,28
limes,28
ribbons,28
homestyle,28
clarified,28
sardines,28
luncheon,28
several,28
tentacles,27
neufchatel,27
rub,27
caraway,27
brushing,27
gnocchi,27
pina,27
marmalade,27
ring,27
flaxseed,27
texas,27
open,27
marzano,27
38,27
boned,27
colada,27
acorn,27
rubbed,27
portions,27
wafer,27
wing,27
you,27
marsala,26
clear,26
fenugreek,26
raisin,26
lakes,26
diet,26
tamarind,26
sprouted,26
mussels,26
california,26
buffalo,26
grands,26
glutinous,26
by,25
europe,25
albacore,25
bologna,25
is,25
jif,25
consomme,25
jasmine,25
blackened,25
crunchy,25
balance,25
supreme,25
bush,25
layers,25
variety,25
spectrum,25
fajita,25
young,25
hawaiian,25
canes,25
pumpernickel,25
attached,25
twist,25
textured,25
dressed,25
made,25
individual,25
marnier,25
drizzling,25
nilla,25
maille,25
spreadable,25
an,25
cactus,25
wrapped,25
cointreau,25
wood,25
fleischmann,24
gorgonzola,24
bowl,24
honeydew,24
live,24
indian,24
kit,24
fontina,24
masa,24
daikon,24
cabernet,24
toppings,24
pepperjack,24
filets,24
down,24
lukewarm,24
45,24
jamaican,24
mirin,24
licorice,24
lard,24
anchovies,24
smooth,24
heirloom,24
product,24
ragu,24
zinfandel,24
juices,24
starch,24
guacamole,24
amber,24
ditalini,24
ingredients,24
frankfurters,24
bibb,24
brownie,23
mincemeat,23
blanc,23
broil,23
pepperidge,23
grand,23
fuji,23
snacks,23
cartons,23
pico,23
navel,23
valley,23
fettuccini,23
roots,23
17,23
directions,23
julienne,23
artisan,23
big,23
bottom,23
mission,23
butterflied,23
some,23
verde,23
cured,23
giant,23
chive,23
preferred,23
ziti,23
tenders,23
tiger,23
flaky,23
rise,23
twists,23
jimmy,23
truroots,23
nougat,23
still,23
gourmet,23
currants,23
dean,23
dish,23
pop,23
lactaid,22
tenderloins,22
pouch,22
eighths,22
rump,22
liquor,22
aji,22
masala,22
polish,22
triangles,22
portion,22
unbleached,22
scoops,22
annatto,22
ciabatta,22
port,22
strained,22
115,22
jarred,22
crystallized,22
pacific,22
haddock,22
hemp,22
cutlets,22
medley,22
grind,22
64,21
adzuki,21
lids,21
etc,21
drain,21
least,21
fritos,21
cap,21
scored,21
heat,21
store,21
browning,21
bing,21
pace,21
multigrain,21
shoots,21
thousand,21
lower,21
bagel,21
hoagie,21
star,21
pimentos,21
tropical,21
hellmann,21
greasing,21
drop,21
land,21
hungarian,21
chia,21
fourths,21
thighs,21
truvia,20
two,20
nori,20
muffins,20
sauteed,20
70,20
before,20
walla,20
jus,20
margarita,20
type,20
bottoms,20
toast,20
chef,20
remove,20
menthe,20
havarti,20
spirals,20
porcini,20
pisco,20
converted,20
crystals,20
boston,20
chip,20
unseasoned,20
muenster,20
msg,20
bosc,20
acid,20
buckwheat,20
currant,20
moons,20
deboned,20
cornflakes,20
may,20
rabe,20
iron,19
pea,19
rutabaga,19
pigeon,19
grill,19
whey,19
curacao,19
maggi,19
achiote,19
icing,19
millet,19
bulgur,19
burgundy,19
grilled,19
85,19
v8,19
superfine,19
gallons,19
portabella,19
calamari,19
sister,19
bird,19
prune,19
arthur,19
120,19
own,19
peeler,19
cheesecake,19
maid,19
comfort,19
genoa,19
healthy,19
7up,19
idaho,19
enriched,19
mcintosh,19
spreadables,19
provence,19
93,19
wip,19
scapes,19
butterball,19
reese,19
iced,18
rectangles,18
zatarain,18
mascarpone,18
oriental,18
intact,18
190,18
poultry,18
reserving,18
seltzer,18
mein,18
sake,18
chow,18
chunked,18
foods,18
manzanilla,18
brick,18
grapeseed,18
london,18
possible,18
reddi,18
bob,18
ghee,18
dr,18
parchment,18
pinot,18
morel,18
fl,18
curly,18
melts,18
mary,18
fraiche,18
voskos,18
guava,18
mocha,18
chardonnay,18
turbinado,18
eg,18
birds,18
radicchio,18
sorted,18
wheel,18
core,18
bacardi,18
peppercorn,18
block,18
lacinato,18
diameter,18
nectarine,18
maria,18
cassava,18
it,18
tater,17
strings,17
home,17
energy,17
kellogg,17
bisquick,17
challah,17
sprite,17
ocean,17
dutch,17
pith,17
pkg,17
mostaccioli,17
lychee,17
tubes,17
98,17
pearls,17
chanterelle,17
sumac,17
germ,17
bloody,17
agar,17
bites,17
crema,17
kohlrabi,17
cartilage,17
mayo,17
ladyfingers,17
moisture,17
parsnip,17
blended,17
circles,17
pheasant,17
thickness,17
savoy,17
certified,17
ripened,17
vine,17
peels,17
pimientos,17
metal,17
unsliced,17
ribeye,17
debearded,17
tenderizer,17
dashi,17
pepitas,17
log,17
boxes,17
liters,17
herring,16
43,16
swordfish,16
arborio,16
family,16
coconutmilk,16
crabs,16
hoisin,16
mignon,16
spareribs,16
lychees,16
minestrone,16
magic,16
belgian,16
rapidrise,16
truffle,16
bonnet,16
stirred,16
request,16
lily,16
tots,16
decoration,16
caffeinated,16
diamond,16
hass,16
yam,16
glutamate,16
instructions,16
bratwurst,16
cruzan,16
restaurant,16
quaker,16
basket,16
naturals,16
against,16
cheez,16
151,16
crisply,16
monkfish,16
browns,16
fleshed,15
browned,15
roe,15
sprinkle,15
klondike,15
eagle,15
meatless,15
kelp,15
mayer,15
moong,15
party,15
grains,15
tonic,15
spearmint,15
alcohol,15
puffed,15
inside,15
between,15
newman,15
kimchi,15
cheesecloth,15
toothpicks,15
planters,15
lucky,15
rotelle,15
depending,15
spelt,15
bull,15
tagliatelle,15
gumbo,15
linguini,15
himalayan,15
demerara,15
craisins,15
bocconcini,15
jerk,15
enoki,15
gods,15
wings,15
length,15
udon,15
devil,15
curds,15
except,15
sponge,15
precooked,15
european,15
rome,15
their,15
full,15
cones,15
rehydrated,15
niblets,15
coca,15
starter,14
field,14
moist,14
jennie,14
brioche,14
peppadew,14
rabbit,14
parboiled,14
kentucky,14
originale,14
cuervo,14
gingerbread,14
brownies,14
marie,14
tuscan,14
knudsen,14
daiquiri,14
dandelion,14
dinosaur,14
shoestring,14
morningstar,14
oelek,14
claw,14
gingersnap,14
game,14
pet,14
oscar,14
make,14
medallions,14
suet,14
kiwifruit,14
alaskan,14
santa,14
fiber,14
follow,14
gel,14
slaw,14
arbol,14
peruvian,14
duty,14
glace,14
plantain,14
available,14
27,14
pate,14
cotija,14
shapes,14
bought,14
farro,14
mutton,14
22,14
along,14
complete,14
chourico,14
bliss,14
necessary,14
easy,14
herbes,14
la,14
celeriac,14
state,14
world,14
chunk,14
casbah,13
hormel,13
bear,13
rapid,13
hidden,13
hens,13
pimiento,13
grained,13
deluxe,13
crumb,13
visible,13
porter,13
dissolved,13
apart,13
chervil,13
campari,13
lentil,13
gray,13
accents,13
hines,13
gummy,13
whitefish,13
kahlua,13
sashimi,13
cupcake,13
nopalitos,13
cavatappi,13
strands,13
scalded,13
mandoline,13
ruby,13
crookneck,13
crisps,13
caviar,13
flanken,13
bias,13
tripe,13
crunch,13
chana,13
besan,13
juicy,13
flounder,13
blossom,13
fruits,13
blender,13
coins,13
krispies,13
so,13
lobsters,13
chocolates,13
chickpea,13
casserole,13
towels,13
toll,13
shirataki,13
miss,13
baguettes,13
hibiscus,13
yolk,13
won,13
domestic,13
andouille,13
asadero,13
colors,13
five,13
whiz,13
sandwiches,13
hops,13
smoky,13
bagels,13
honeycrisp,13
buds,13
glazed,13
burritos,13
freestone,13
paneer,13
barrel,13
table,13
bangus,12
elk,12
signature,12
tennessee,12
angostura,12
matcha,12
set,12
acai,12
grinds,12
ragú,12
frank,12
livers,12
wakame,12
stiff,12
fast,12
mazola,12
jalapenos,12
shot,12
scallion,12
gratin,12
fork,12
monosodium,12
persimmon,12
individually,12
edible,12
breaded,12
madeira,12
starters,12
dragon,12
pasilla,12
stella,12
valentina,12
tangerine,12
chai,12
lb,12
wieners,12
41,12
quorn,12
wraps,12
blanco,12
aside,12
crumbed,12
sports,12
prudhomme,12
lid,12
flatbread,12
semolina,12
thigh,12
fluff,12
wonderful,12
whisked,12
jellied,12
cornichons,12
macintosh,12
prego,12
knife,12
classicmac,12
wise,12
octopus,12
blood,12
merlot,12
hand,12
di,12
holland,12
juniper,12
focaccia,12
oxtail,12
shape,12
above,12
roasting,12
israeli,12
riesling,12
absolut,12
grouper,12
width,12
seasons,11
roughy,11
kool,11
duncan,11
57,11
bragg,11
pumpkins,11
packaged,11
spear,11
sorghum,11
rimming,11
gimme,11
gutted,11
aperol,11
burrito,11
swai,11
farmer,11
emeril,11
aperitif,11
taro,11
tacos,11
harissa,11
velvet,11
chambord,11
applewood,11
noir,11
clover,11
striped,11
mill,11
wiped,11
catalina,11
beaters,11
eggnog,11
harina,11
wesson,11
thinner,11
fingerling,11
gingerroot,11
halloween,11
lemongrass,11
sticky,11
preserved,11
forest,11
lawry,11
gently,11
stove,11
concord,11
machine,11
lavash,11
tenderized,11
puffs,11
pekoe,11
karo,11
together,11
carcass,11
cappuccino,11
cassis,11
kumquats,11
caper,11
nibs,11
way,11
fresno,11
saigon,11
amino,11
groats,11
touch,11
goodness,11
flower,11
seasonings,11
pilsner,11
galangal,11
nature,11
nuoc,11
soba,11
tony,11
standing,11
gochujang,11
salata,11
curing,11
bowls,11
fluffy,11
eastern,10
mr,10
rinds,10
beefy,10
petits,10
milkfish,10
cara,10
yuca,10
shanks,10
manicotti,10
1x1,10
file,10
cholula,10
fig,10
trans,10
cone,10
dragees,10
blends,10
fronds,10
hollowed,10
cannelloni,10
hispanic,10
much,10
save,10
pressurized,10
pouches,10
scissors,10
wash,10
scooped,10
tanqueray,10
garam,10
prebaked,10
st,10
six,10
rotisserie,10
perrins,10
bengal,10
be,10
crumble,10
brut,10
pricked,10
that,10
arrowroot,10
bartlett,10
paul,10
evenly,10
barbecued,10
moose,10
orgeat,10
scaled,10
bridges,10
are,10
persimmons,10
racks,10
breakstone,10
satay,10
mochiko,10
poached,10
chachere,10
ton,10
pod,10
just,10
2x1,10
rods,10
al,10
ken,10
life,10
dungeness,10
melting,10
county,10
straw,10
almost,10
le,10
moon,10
inner,10
lightlife,10
johnny,10
shortbread,10
discarding,10
tightly,10
frangelico,10
meatloaf,10
ml,10
kept,10
elderflower,10
broad,10
medjool,10
special,10
hellman,10
grahams,10
ponzu,10
limoncello,10
littleneck,10
lipton,10
bouquet,10
gherkin,10
purely,10
ear,10
guajillo,10
miller,10
crown,10
crush,10
mexicorn,10
tin,10
peppered,10
its,10
lit,10
dekuyper,10
chartreuse,10
even,10
maui,10
bluefish,10
imperial,10
degree,10
directed,10
whips,10
nam,10
nopales,10
kombu,10
applejack,9
brittle,9
ancient,9
grinder,9
eyes,9
anjou,9
included,9
pin,9
scraps,9
supplement,9
another,9
cultures,9
verts,9
doughnuts,9
hendrick,9
nugget,9
reposado,9
african,9
smokies,9
a1,9
pucker,9
furikake,9
mills,9
trio,9
butterfinger,9
amarillo,9
aisle,9
heath,9
butterhead,9
frenched,9
aid,9
measuring,9
walleye,9
argo,9
discs,9
stovetop,9
00,9
thaw,9
tex,9
untrimmed,9
rancher,9
peeps,9
longhorn,9
cognac,9
finishing,9
sloppy,9
season,9
classics,9
conch,9
lay,9
malted,9
kashmiri,9
coco,9
daniel,9
lettuces,9
harvest,9
pam,9
manwich,9
similar,9
shiraz,9
cotton,9
tartar,9
peaks,9
jarlsberg,9
crescents,9
twisted,9
meaty,9
roquefort,9
stilton,9
naturally,9
mates,9
mineral,9
farina,9
artificial,9
blade,9
frosted,9
fingers,9
poppyseed,9
leaving,9
demi,9
bbq,9
seamless,9
microwaveable,9
realfruit,9
kerr,9
tostada,9
mam,9
markets,9
newcastle,9
monde,9
beau,9
gels,9
130,9
perch,9
nylon,9
select,9
roni,9
dream,9
cauldron,9
kiwis,9
cedar,9
ingredient,9
consistency,9
dulce,9
wet,9
fresca,9
lunch,9
gum,9
linguica,9
treacle,9
spoonable,9
crazy,9
trail,9
time,9
methi,9
boursin,9
middle,9
hocks,9
char,9
pad,9
multicolored,9
buddig,9
orecchiette,9
rican,9
emmentaler,9
quesadilla,9
sel,9
hanout,9
pierogies,9
cascadian,9
buttercrunch,9
eat,9
seasonal,9
lecithin,9
scoop,9
portuguese,9
fee,9
earth,9
lox,9
dubliner,9
porterhouse,9
few,8
jimmies,8
jagermeister,8
butt,8
haricots,8
hothouse,8
quinces,8
grigio,8
cachaca,8
north,8
cores,8
sliver,8
reds,8
ghost,8
vietnamese,8
sugars,8
rack,8
pitas,8
bodied,8
separately,8
slit,8
oxtails,8
skillet,8
spoon,8
tongue,8
35,8
gingersnaps,8
mirepoix,8
preserving,8
jackfruit,8
parker,8
urad,8
waffles,8
gills,8
section,8
leche,8
decorative,8
worms,8
bertolli,8
rim,8
infusions,8
bleu,8
decorator,8
szechuan,8
sofrito,8
sloe,8
cornish,8
jet,8
alfalfa,8
scalloped,8
rectangular,8
safflower,8
russian,8
rendered,8
danish,8
nutritional,8
edam,8
aioli,8
sucrolose,8
vital,8
donuts,8
leafy,8
carob,8
sorrel,8
limon,8
shreds,8
chowder,8
side,8
87,8
twine,8
capellini,8
rutabagas,8
freekeh,8
hollandaise,8
castor,8
hen,8
gochugaru,8
unshelled,8
amaranth,8
soymilk,8
ladyfinger,8
mace,8
gherkins,8
bailey,8
ramekins,8
garnishing,8
peychaud,8
prewashed,8
poupon,8
cat,8
guittard,8
brothers,8
pockets,8
knuckle,8
steve,8
marzetti,8
toasting,8
tang,8
hours,8
royal,8
2x2,8
charcoal,8
jiffy,8
combine,8
smirnoff,8
con,8
england,8
polly,8
oikos,8
dannon,8
wagon,8
spices,8
sieve,8
malibu,8
cheerios,8
calimyrna,8
redhot,8
mouth,8
smokie,8
believe,8
dew,8
major,8
gemelli,8
cure,8
112,7
knox,7
krusteaz,7
tipo,7
118,7
alouette,7
loose,7
halloumi,7
piloncillo,7
mole,7
tvp,7
coke,7
spiralized,7
chipped,7
bruce,7
chewy,7
contadina,7
absinthe,7
chestnut,7
enough,7
radiatore,7
forbidden,7
mojo,7
strength,7
pits,7
pepe,7
manchego,7
godiva,7
nicoise,7
ghiradelli,7
molds,7
melba,7
rich,7
lindsay,7
cruz,7
garnishes,7
cultured,7
clementine,7
frisee,7
persian,7
goji,7
sago,7
folgers,7
fermented,7
goldfish,7
grainy,7
fleur,7
louisiana,7
master,7
prickly,7
kefir,7
sixths,7
unhusked,7
essence,7
cellentani,7
parkay,7
animal,7
confit,7
russets,7
steelhead,7
pared,7
enjoy,7
hodgson,7
husk,7
nordica,7
herdez,7
annie,7
nettles,7
harp,7
masoor,7
kc,7
250,7
fettucine,7
boboli,7
beefsteak,7
tom,7
bermuda,7
cholesterol,7
tofutti,7
resistant,7
tajin,7
liners,7
piri,7
fun,7
torani,7
stolichnaya,7
snickers,7
surimi,7
spaghettini,7
boost,7
slow,7
glasses,7
angus,7
kirby,7
pig,7
deseeded,7
kirschwasser,7
jerusalem,7
grease,7
bechamel,7
zatarains,7
meringue,7
burrata,7
wedged,7
wish,7
marrow,7
drizzle,7
vermont,7
gulf,7
slicer,7
towel,7
kecap,7
vegeta,7
batter,7
vegenaise,7
foamy,7
riced,7
cheeks,7
patron,7
nuggets,7
callebaut,7
negra,7
secret,7
chayote,7
fruity,7
easter,7
puerto,7
calves,7
bumble,7
fideo,7
crepes,7
tamales,7
brewers,7
calcium,7
brazilian,7
liverwurst,7
braunschweiger,7
nesquik,7
pastina,7
vindaloo,7
kaiser,7
deviled,7
patak,7
aromatic,7
uncut,7
budweiser,6
manis,6
aquafaba,6
empty,6
mojito,6
arctic,6
unsifted,6
mizithra,6
ida,6
dyed,6
west,6
300,6
90,6
chablis,6
meyer,6
jaggery,6
ivanhoe,6
dirty,6
pandan,6
found,6
farmland,6
konbu,6
pearled,6
lillet,6
marbled,6
pastrami,6
seven,6
bratwursts,6
acini,6
chop,6
turkish,6
mores,6
doritos,6
fancy,6
toor,6
cukes,6
marmite,6
salsita,6
corona,6
add,6
strongly,6
saewujeot,6
madras,6
refrigerator,6
premier,6
daisy,6
muscovado,6
muscat,6
melt,6
servings,6
days,6
fage,6
staybrite,6
lumpfish,6
filtered,6
44,6
chipotles,6
svedka,6
mixer,6
carapelli,6
burgers,6
ghirardelli,6
belly,6
valencia,6
sole,6
uv,6
callender,6
200,6
channa,6
kochujang,6
globe,6
squashes,6
devils,6
maine,6
carnation,6
to115,6
horn,6
crusted,6
plank,6
ouzo,6
herbal,6
maxwell,6
morning,6
roux,6
replacement,6
garni,6
modelo,6
escargots,6
naan,6
doughnut,6
bonito,6
peelings,6
compressed,6
calabaza,6
hydroxide,6
sauza,6
pistolette,6
singles,6
pernod,6
pronto,6
disposable,6
freeze,6
garbanzos,6
texturized,6
asafoetida,6
bears,6
dredging,6
cutters,6
cornflake,6
heineken,6
bunny,6
coulis,6
crabapples,6
waffle,6
alcoholic,6
carb,6
cuban,6
kabocha,6
lady,6
ferns,6
keebler,6
masterpiece,6
yuengling,6
razor,6
peking,6
amberjack,6
mousse,6
cherrystone,6
epazote,6
verbena,6
wishbone,6
sundried,6
choux,6
swirl,6
scallop,6
unopened,6
71,5
kaffir,5
cremes,5
confection,5
nephew,5
3x6,5
350,5
ajvar,5
cobs,5
slicing,5
160,5
wray,5
unsmoked,5
kluski,5
bottomed,5
planks,5
untreated,5
niblet,5
10x12,5
2x3,5
cascade,5
mist,5
soldier,5
blackeye,5
peg,5
mex,5
cling,5
cocina,5
tendon,5
joint,5
gyoza,5
1800,5
peruano,5
elbows,5
garbage,5
breadstick,5
pantry,5
discos,5
measure,5
23,5
dehydrated,5
cannoli,5
charred,5
stable,5
marina,5
31,5
ultimate,5
frog,5
seconds,5
ore,5
sliceable,5
stripe,5
rigate,5
delmonico,5
4x4,5
carroll,5
joy,5
thins,5
wondra,5
yazzo,5
upside,5
zing,5
zang,5
exclude,5
runny,5
bellas,5
assortment,5
astwix,5
masher,5
end,5
kasih,5
spooned,5
stiffly,5
fin,5
backbone,5
backstrap,5
notes,5
scrambled,5
rinded,5
wolf,5
welch,5
briquettes,5
vitar,5
tazo,5
louis,5
petes,5
tito,5
tobiko,5
parilla,5
tofurky,5
sawyer,5
tootsie,5
tostito,5
vic,5
tres,5
leones,5
trois,5
cochons,5
twinkies,5
udi,5
utz,5
van,5
gogh,5
veg,5
steamfresh,5
sub,5
plymouth,5
carpaccio,5
beers,5
belacan,5
following,5
shoga,5
whatever,5
wolfberries,5
inspired,5
zen,5
beverages,5
skimmed,5
brickle,5
tteok,5
eight,5
cowpeas,5
siew,5
dam,5
ink,5
redfish,5
blackening,5
pappardelle,5
bleached,5
hefeweizen,5
fed,5
baller,5
rare,5
ciliegine,5
often,5
gochukaro,5
wider,5
banquet,5
maltose,5
barolo,5
early,5
tia,5
cooks,5
steakhouse,5
sleeves,5
recommended,5
muscle,5
substituted,5
toban,5
djan,5
kala,5
refritos,5
shark,5
larger,5
tapatio,5
swerve,5
maclaren,5
muir,5
nasoya,5
blending,5
thicken,5
nescafe,5
nesquick,5
now,5
nutella,5
ortega,5
ottogi,5
ramyonsari,5
ovaltine,5
pama,5
panama,5
papayiannides,5
pappy,5
pb2,5
penzey,5
perrier,5
phil,5
pickapeppa,5
funfetti,5
glen,5
produced,5
pinnacle,5
wages,5
mahatma,5
maker,5
maldon,5
manischewitz,5
maruchan,5
marukan,5
marzettis,5
maya,5
kaimal,5
mexene,5
midori,5
mike,5
mimiccreme,5
monster,5
montgomery,5
mori,5
grillers,5
mott,5
mount,5
moutarde,5
meaux,5
jr,5
plochman,5
mister,5
omega,5
solo,5
patch,5
kids,5
south,5
shore,5
vay,5
spike,5
squirt,5
germain,5
starbucks,5
steam,5
whistle,5
stonewall,5
stubb,5
stumptown,5
sukhi,5
sunbutter,5
sunnyd,5
sure,5
suzyq,5
ray,5
snapple,5
skyy,5
pom,5
skor,5
tarts,5
chik,5
puss,5
realemon,5
hots,5
polska,5
rickard,5
ritz,5
roger,5
rudi,5
fajitas,5
rumchata,5
saf,5
sam,5
sambucca,5
sangiovese,5
sfq,5
pattern,5
skippy,5
vegemite,5
skittles,5
blintzes,5
blocks,5
kasoori,5
milder,5
soybean,5
mash,5
leftovers,5
goldschlager,5
citric,5
latex,5
clusters,5
cm,5
maize,5
leanest,5
toasts,5
cockatiels,5
stronger,5
jameed,5
unripe,5
stirrers,5
coin,5
papayas,5
completa,5
hydrogenated,5
glazing,5
chubritsa,5
fly,5
sheep,5
hotness,5
cheong,5
lumps,5
chicharrones,5
drumsticks,5
reduction,5
unsulfured,5
donne,5
sali,5
guam,5
prik,5
pao,5
shaoxing,5
located,5
mian,5
lup,5
chinook,5
tying,5
he,5
tablet,5
kiss,5
sundae,5
perline,5
germinated,5
innards,5
want,5
slush,5
hull,5
hands,5
spicier,5
pilchards,5
jowl,5
trays,5
netting,5
drying,5
quarter,5
indonesian,5
stripes,5
longer,5
saeujeot,5
falafel,5
imagine,5
fiddlehead,5
fiddleheads,5
especially,5
matar,5
lingonberries,5
crumpet,5
crossways,5
peter,5
overripe,5
cookers,5
galletas,5
marias,5
reduce,5
sharpness,5
nondairy,5
slabs,5
mortar,5
maiz,5
morado,5
dextrose,5
spritzer,5
pilaf,5
microwaved,5
follows,5
defrost,5
ie,5
creations,5
must,5
farfel,5
discard,5
hashbrowns,5
cheesy,5
tuvar,5
trouble,5
fe,5
timer,5
ny,5
chicory,5
into12,5
rbst,5
rbgh,5
patterson,5
marion,5
flowerets,5
elberta,5
clamshell,5
saute,5
brushed,5
yuzu,5
buco,5
gravlax,5
setting,5
deer,5
grown,5
sabut,5
crustless,5
dirt,5
labeled,5
spirit,5
bold,5
roses,5
bolillos,5
passover,5
netted,5
chilean,5
checked,5
pliers,5
boonie,5
both,5
chlorinated,5
keystone,5
macaroons,5
flatbreads,5
grater,5
kataifi,5
jonathan,5
ducklings,5
disney,5
unprepared,5
seedy,5
gai,5
decals,5
latina,5
freezer,5
cannelini,5
rolo,5
peppery,5
media,5
portobella,5
salty,5
teardrop,5
carp,5
perfect,5
marinating,5
ricer,5
mesclun,5
combinbation,5
kix,5
potsticker,5
farmers,5
under,5
woods,5
different,5
cheddarwurst,5
italiano,5
tomatillo,5
unrinsed,5
kangaroo,5
rhone,5
pats,5
spreading,5
buttering,5
hubbard,5
butterworth,5
buttons,5
buy,5
cotes,5
du,5
junket,5
most,5
spiralizer,5
gourd,5
unrefined,5
snipping,5
prague,5
kind,5
calvados,5
karpoor,5
shaken,5
maekrua,5
infant,5
rustic,5
prevent,5
evans,5
bobby,5
salazar,5
adams,5
daddy,5
activedry,5
acidity,5
brach,5
branston,5
making,5
briannas,5
brooks,5
enhancer,5
brummel,5
accent,5
bryan,5
sambazon,5
bittermens,5
preparing,5
bernstein,5
adjustable,5
archer,5
adolph,5
done,5
sterilized,5
arrowhead,5
artificially,5
athenos,5
sassafras,5
beaujolais,5
aunt,5
jemima,5
personal,5
aviation,5
baileys,5
barefoot,5
grilling,5
bud,5
bugles,5
ac,5
regal,5
flamin,5
barbados,5
chianti,5
chenin,5
bisque,5
heering,5
chivas,5
chobani,5
cheetos,5
ibarra,5
rims,5
choya,5
clamato,5
this,5
claussen,5
clearjel,5
malbec,5
certo,5
bulleit,5
carbquik,5
bee,5
burnett,5
cabrales,5
abuelita,5
valdeon,5
captain,5
morgan,5
carl,5
cento,5
osso,5
mug,5
shelby,5
leaner,5
castelvetrano,5
8x2,5
cavender,5
after,5
treated,5
lopez,5
fall,5
semicircles,5
uniform,5
x1,5
desilked,5
also,5
dipped,5
bagged,5
drains,5
trimmings,5
already,5
gizzard,5
lighter,5
edge,5
quiche,5
hinged,5
fattier,5
excluding,5
matchbox,5
disks,5
known,5
averno,5
galliano,5
amontillado,5
vein,5
angle,5
weight,5
bands,5
leather,5
buttered,5
whisky,5
disaronno,5
mints,5
alternative,5
kneading,5
chokes,5
clipped,5
cubs,5
razberi,5
milky,5
breeze,5
when,5
pocket,5
everclear,5
alaska,5
dente,5
chopping,5
stray,5
joints,5
air,5
cole,5
yellowtail,5
undyed,5
toothpick,5
rockfish,5
fugi,5
smoking,5
sit,5
to10,5
tire,5
times,5
silks,5
twice,5
confectionery,5
ras,5
alligator,5
hips,5
endless,5
fragments,5
fifths,5
saved,5
sinew,5
stoli,5
too,5
veins,5
pitch,5
completely,5
cheeses,5
coach,5
aminos,5
fiori,5
honkers,5
poulet,5
laphroiag,5
lambrusco,5
go,5
peak,5
oreos,5
laird,5
oktoberfest,5
general,5
lechera,5
selection,5
grandma,5
private,5
chopin,5
rouge,5
mate,5
sanuf,5
gemilli,5
blast,5
chenel,5
petit,5
everglades,5
unthawed,5
fino,5
kashi,5
wavy,5
sicilia,5
veganaise,5
gebhardt,5
laura,5
fraboni,5
porketta,5
freshies,5
lars,5
frichik,5
gatorade,5
kroger,5
kraken,5
gulden,5
flavoured,5
kerrygold,5
filing,5
international,5
delight,5
daniels,5
jameson,5
jello,5
capuccino,5
stickers,5
jim,5
beam,5
johnson,5
keen,5
jolly,5
jose,5
katinka,5
kewpie,5
jwala,5
zatarian,5
kings,5
helper,5
hangar,5
haribo,5
goldust,5
mazin,5
herbamare,5
kirkland,5
hiram,5
souffle,5
walker,5
moonshine,5
pastor,5
xanthan,5
hunts,5
distillery,5
entenmann,5
born,5
bayou,5
dave,5
diavolo,5
dennison,5
locatelli,5
loma,5
pato,5
franks,5
buttershots,5
fratelli,5
dei,5
cecco,5
davinci,5
insanity,5
tarako,5
lotus,5
dashida,5
grocer,5
breton,5
dare,5
dale,5
daiya,5
crispix,5
cremovo,5
rows,5
coyote,5
form,5
cornnuts,5
coors,5
colman,5
coleman,5
works,5
6x1,5
linda,5
domaine,5
earthbound,5
ecolier,5
duke,5
secrets,5
pee,5
third,5
lee,5
wee,5
kum,5
dreamfields,5
resealable,5
frymix,5
drake,5
door,5
lesueur,5
eggo,5
eckrich,5
sueur,5
oetker,5
manioc,4
iodized,4
erythritol,4
ups,4
match,4
passata,4
chilli,4
vacuum,4
handle,4
carrageen,4
amchur,4
merguez,4
quince,4
snaps,4
pla,4
marlin,4
nabisco,4
chevon,4
alphabet,4
sic,4
mature,4
toblerone,4
alum,4
twigs,4
cheap,4
cherokee,4
untoasted,4
55,4
culture,4
chihuaua,4
elderberries,4
49,4
maca,4
moss,4
century,4
vera,4
unpopped,4
paradise,4
un,4
moroccan,4
craft,4
tsang,4
mezcal,4
croissants,4
pimm,4
squeezable,4
pignoli,4
lipped,4
pineapples,4
naval,4
tasso,4
colouring,4
ez,4
cent,4
mixing,4
pattypan,4
mullet,4
remoulade,4
moida,4
sieved,4
pareve,4
94,4
wrapping,4
stabilizer,4
succotash,4
cow,4
kirsch,4
cottas,4
formed,4
criollo,4
sangria,4
moscato,4
arame,4
cooler,4
cinderella,4
dips,4
used,4
sichuan,4
shoyu,4
farmhouse,4
super,4
shortcrust,4
southwestern,4
60l,4
ahead,4
syrups,4
moto,4
takumi,4
lining,4
tapenade,4
custard,4
gras,4
prawn,4
chlies,4
pumpernikel,4
aleppo,4
diakon,4
mochi,4
acids,4
eddoes,4
savoury,4
sport,4
270,4
plucked,4
hugs,4
scape,4
adjust,4
luke,4
hog,4
pastries,4
rough,4
handles,4
honeycomb,4
straightneck,4
pushed,4
sauteing,4
worm,4
chefs,4
year,4
biber,4
supermoist,4
piquillo,4
giardiniera,4
label,4
fusili,4
conchiglie,4
pinquito,4
scaloppini,4
beni,4
especial,4
beluga,4
raised,4
endives,4
thread,4
biga,4
canton,4
latte,4
blackcurrant,4
glass,4
bunnies,4
into1,4
glutino,4
slider,4
twin,4
barbequed,4
mediterranean,4
draught,4
quail,4
padano,4
kingsford,4
arm,4
suckling,4
woodruff,4
greenery,4
roasts,4
fits,4
baste,4
ruth,4
backfin,4
market,4
carolina,4
recaito,4
bagoong,4
rippled,4
goldings,4
shelf,4
extruded,4
replacer,4
bakeware,4
shoot,4
rosa,4
balm,4
claws,4
durkee,4
glove,4
total,4
macapuno,4
pastini,4
patty,4
risotto,4
duckling,4
briskets,4
first,4
beech,4
frothy,4
atar,4
separate,4
bearnaise,4
cantonese,4
coarsley,4
suggested,4
widthwise,4
reames,4
12x12,4
fit,4
nu,4
calrose,4
griller,4
sawed,4
eomuk,4
cipollini,4
shoe,4
myun,4
queen,4
wontons,4
boysenberries,4
pancakes,4
need,4
kern,4
substitutes,4
choke,4
mortadella,4
inn,4
friendship,4
caribbean,4
pica,4
caramelized,4
snails,4
mark,4
sockeye,4
rava,4
kee,4
stake,4
bruschetta,4
anapakaya,4
slab,4
garnier,4
kacha,4
fuyu,4
pit,4
potstickers,4
brussel,4
fizzy,4
heels,4
imported,4
12x18,4
bream,4
cuts,4
bundled,4
rapini,4
rotel,4
soften,4
flavors,4
prefer,4
kefalotiri,4
riso,4
briquets,4
silverbeet,4
ramps,4
mache,4
dino,4
boysenberry,4
pans,4
dende,4
nova,4
mold,4
number,4
farls,4
jambalaya,3
huckleberries,3
herman,3
fumi,3
puppy,3
fuggles,3
dhal,3
musselman,3
mulberries,3
eyeballs,3
wednesday,3
teabags,3
kidneys,3
equivalent,3
row,3
gooseberries,3
enhancing,3
these,3
toaster,3
ostrich,3
poolish,3
dang,3
drum,3
pitaya,3
tangy,3
fines,3
fireweed,3
shiny,3
teff,3
pequin,3
tubetti,3
foie,3
delicata,3
negi,3
wildflower,3
rite,3
panna,3
gremolata,3
za,3
lingonberry,3
gris,3
kobe,3
gingerade,3
framboise,3
sooji,3
goats,3
tumeric,3
gran,3
fortified,3
mahleb,3
pollock,3
sukiyaki,3
sucanat,3
steel,3
koftas,3
kent,3
earl,3
sazonador,3
kabobs,3
securing,3
baskets,3
pimenta,3
pete,3
psyllium,3
mt1,3
plumped,3
scant,3
drumstick,3
emmental,3
hachiya,3
saccharine,3
parmagiano,3
grana,3
fond,3
rell,3
simmering,3
rimmer,3
fondant,3
marcona,3
filipino,3
drambuie,3
gruyère,3
waters,3
taffy,3
improver,3
brulee,3
streusel,3
padron,3
lumpia,3
crowns,3
tuesday,3
gummi,3
brew,3
breading,3
amish,3
blackstrap,3
brains,3
brush,3
starchy,3
nutter,3
press,3
boards,3
tzatziki,3
stamen,3
tostadas,3
bubblegum,3
buena,3
bulgarian,3
bun,3
milled,3
misua,3
macchiato,3
hake,3
canilla,3
aloe,3
waxgourd,3
escargot,3
camphor,3
amaro,3
calf,3
chloride,3
calabash,3
caffeine,3
cabra,3
picon,3
will,3
flowering,3
culantro,3
salemville,3
patent,3
bavarian,3
sparking,3
76,3
canada,3
aswad,3
outs,3
18x24,3
panquehue,3
hing,3
anisette,3
antelope,3
swedish,3
bhaji,3
helix,3
digestive,3
cameo,3
soul,3
squirrel,3
gaeta,3
tubs,3
vitamin,3
pansy,3
añejo,3
panettone,3
bakers,3
anejo,3
crocker,3
yuba,3
benedictine,3
belachan,3
malaysian,3
sweetbreads,3
cross,3
cheek,3
willamette,3
basting,3
spritzed,3
chiffonade,3
basics,3
barramundi,3
speed,3
barberries,3
spoons,3
loquats,3
fungus,3
alder,3
macaroon,3
loins,3
compote,3
cordial,3
corazon,3
liner,3
cooker,3
ebi,3
vareniky,3
confectioner,3
treats,3
concasse,3
squeeze,3
clementines,3
collins,3
pheasants,3
suggestions,3
run,3
coconuts,3
tinted,3
dense,3
laughing,3
coalho,3
insects,3
cran,3
tortiglioni,3
mexicana,3
pellets,3
fructose,3
marionberries,3
unsprayed,3
fragrant,3
perlato,3
jellyrolls,3
date,3
prepare,3
urfa,3
toaste,3
stewing,3
cubanelle,3
kalonji,3
keep,3
yum,3
kingfish,3
kippers,3
crenshaw,3
clingstone,3
aquavit,3
96,3
topped,3
chaat,3
chihuahua,3
negro,3
cha,3
sleeve,3
tins,3
ceylon,3
chanco,3
yardlong,3
rennet,3
gelato,3
motorvatin,3
dulces,3
99,3
fatty,3
road,3
paratha,3
portabello,3
abalone,3
purslane,3
teddy,3
siu,3
cinchona,3
leicester,3
unfiltered,2
cutter,2
ghosts,2
rattlesnake,2
04,2
tangerines,2
poaching,2
tartaric,2
ties,2
rocky,2
sapodilla,2
recently,2
farl,2
polydextrose,2
umeboshi,2
virginia,2
splashes,2
steamer,2
yerba,2
spirulina,2
szechwan,2
smokehouse,2
watermelons,2
spiny,2
rabbits,2
seared,2
waxed,2
stinging,2
ajies,2
racked,2
sambar,2
turban,2
garnet,2
sa,2
refined,2
jeera,2
witch,2
romanesco,2
guar,2
marzipan,2
snakes,2
gypsum,2
gypsy,2
mai,2
maguro,2
madagascar,2
haas,2
hamachi,2
handful,2
luffa,2
loomi,2
hanger,2
heaping,2
grouse,2
lingcod,2
ling,2
melons,2
sturdy,2
hock,2
labneh,2
kid,2
kalamansi,2
squirts,2
straws,2
jonagold,2
jicamas,2
jewish,2
jalapeño,2
guanciale,2
mason,2
piping,2
perle,2
perciatelli,2
pellegrino,2
pav,2
patis,2
paris,2
zapallo,2
yucca,2
glue,2
sopressata,2
slim,2
sangrita,2
rotelli,2
glycerin,2
quark,2
options,2
matzos,2
pairing,2
ogorki,2
jellybeans,2
oatnut,2
newfoundland,2
neutral,2
necks,2
neapolitan,2
nasturtium,2
mycoprotein,2
moringa,2
mizuna,2
microgreens,2
miami,2
praline,2
carbohydrate,2
fruitcake,2
72,2
colaciones,2
coho,2
filters,2
shiso,2
mellocreme,2
lollipop,2
dumpling,2
laurel,2
umbrellas,2
67,2
cobbler,2
elephant,2
magical,2
beauty,2
chrysanthemum,2
chopsticks,2
milkshakes,2
curls,2
batavia,2
colossal,2
combined,2
components,2
fuzzy,2
egyptian,2
alternating,2
digiorno,2
ascorbic,2
raita,2
aspartame,2
crullers,2
atlantic,2
allwhites,2
recao,2
cricket,2
courgettes,2
375,2
cotechino,2
69,2
barely,2
chipolte,2
wuyi,2
chilis,2
solution,2
capacola,2
canister,2
coatings,2
camembert,2
calumet,2
bolognese,2
callaloo,2
calamata,2
34,2
88,2
buttercup,2
buttercream,2
rocket,2
budino,2
bucatini,2
broccolini,2
floret,2
bolillo,2
caribou,2
padi,2
carnations,2
chesapeake,2
berbere,2
betty,2
cheriyaki,2
tortellinis,2
chayotes,2
gourds,2
cellophane,2
blanca,2
cavatelli,2
cauliflowerets,2
catnip,2
caster,2
cascabel,2
casaba,2
9x9,2
340,2
glucose,2
brazil,2
hush,2
giblet,2
guavas,2
lumaconi,2
gumdrops,2
amer,2
driver,2
middleneck,2
denjang,2
12x36,2
darjeeling,2
amchoor,2
xylitol,2
unpacked,2
ultragrain,2
speckled,2
sauterne,2
ridged,2
queijo,2
nettle,2
isolated,2
morita,2
monin,2
neroli,2
arepas,2
18x15,2
fondue,2
pizzas,2
flap,2
grams,2
fireworks,2
finger,2
circular,2
fatback,2
dumplings,2
mirlitons,2
espelette,2
mustrooms,2
dye,2
elderberry,2
eating,2
east,2
dusseldorf,2
muesli,2
muscatel,2
gari,2
loquat,2
pinenuts,2
durum,2
oval,2
mellow,2
marigold,2
mangosteen,2
malitol,2
lilac,2
pinole,2
kumquat,2
kucai,2
chee,2
kim,2
kasha,2
kamut,2
kalbi,2
rainier,2
paleo,2
tap,2
sultana,2
amarula,2
unroasted,2
unprocessed,2
tupelo,2
12x16,2
tawny,2
verdelho,2
42,2
amarettini,2
savoiardi,2
spent,2
rosewater,2
prosecco,2
796,1
popsicle,1
225,1
sack,1
remaining,1
24x8x1,1
rooibos,1
pâte,1
accompaniments,1
alternate,1
recipes,1
funnel,1
soaking,1
74,1
320,1
sunchokes,1
66,1
65,1
400,1
07,1
440,1
tablets,1
tangelos,1
05,1
455,1
475,1
540,1
tiramisu,1
54,1
torpedo,1
tray,1
treat,1
trifle,1
turkeys,1
underripe,1
veggies,1
submarine,1
strudel,1
strata,1
slender,1
73,1
scones,1
scottziki,1
semifreddo,1
shishito,1
shortcake,1
shortcakes,1
shots,1
720,1
6x9,1
squirrels,1
smoothie,1
198,1
sourbread,1
sparkler,1
spiked,1
68,1
380,1
39,1
398,1
pomegranates,1
500,1
polskie,1
croquettes,1
japones,1
jewel,1
bulgar,1
jujube,1
kabob,1
cubanella,1
crostini,1
kg,1
crepe,1
point,1
knipla,1
costeno,1
koeksisters,1
condiments,1
comice,1
colcannon,1
lasagne,1
last,1
hungry,1
his,1
hero,1
her,1
ganache,1
fritters,1
fritter,1
generous,1
gingered,1
female,1
eclair,1
grandmother,1
granita,1
dosas,1
grapefruits,1
designated,1
decorations,1
curl,1
cupcakes,1
hakurei,1
hank,1
addition,1
latik,1
latkes,1
baseball,1
bakery,1
babka,1
avgolemono,1
assembly,1
paella,1
papaccelle,1
124,1
patola,1
128,1
12x20,1
156,1
x6,1
170,1
arrabbiata,1
apriplums,1
plump,1
180,1
bannock,1
batch,1
cindy,1
blooming,1
chermoula,1
macque,1
maja,1
marble,1
carnitas,1
michelada,1
fruited,1
carambola,1
naruto,1
calamansi,1
cacho,1
burdock,1
nonstick,1
braised,1
brain,1
omelets,1
bouqet,1
zabaglione,1
